{
  "biggest": {
    "CMT": 19549084.2800008, 
    "DDS": 2714901.71999999, 
    "TS": 45.6
  }
}
